filename, Rockfish, Starfish, Tilefish
2--6----Copy_jpg.rf.f98d10b8ed8511d0d1f52b56f68459a0.jpg, 0, 0, 1
Set2_DSCN1438-JPG_0---Copy_jpg.rf.fa090bff4d1ba5f995ca8ac3bc2ea276.jpg, 1, 1, 0
x3---Copy_bmp.rf.fa388522a25169dd7fdd3efa08f76191.jpg, 0, 1, 0
dddd_bmp.rf.fac67cf27ddc05937c053e6a06d491bf.jpg, 0, 1, 0
49--6-_bmp.rf.fc7ef0036ddf451ecf97987a3c3cf10f.jpg, 0, 0, 1
DSCN4951---Copy_jpg.rf.f9a27dde6cbfabdaf8d44b2ec52e394d.jpg, 1, 0, 0
DSCN4134_1_JPG.rf.fad93fb4881d08b88a3864cdf96dba8e.jpg, 0, 1, 0
47--5----Copy_bmp.rf.f9ae0322b4ea495c1010e0ab2c19faa4.jpg, 0, 0, 1
starfish--8-_bmp.rf.fe44de66e5d6bfa4acd077fe52e6247b.jpg, 0, 1, 0
DSCN8953_C_jpg.rf.fb81446c57b4a7a94f25fb21d5359a91.jpg, 1, 0, 0
Set2_DSCN2347-JPG_0_jpg.rf.f9a9975daa1ef6448da02e2f61a1a515.jpg, 1, 1, 0
47--9----Copy_bmp.rf.fb2d7566d86b4518f6dbb90da479c44e.jpg, 0, 0, 1
newdg--4-_jpeg.rf.ffad7dadce47d92c75ed0740efea18f9.jpg, 0, 1, 0
Set2_DSCN3188-JPG_0_jpg.rf.ff6d3f75701d37d8584735cec761d532.jpg, 1, 0, 0
Set2_DSCN0968-TIF_0_jpg.rf.ffc1a06b2194006db1befff52095c859.jpg, 1, 1, 0
starfish--15-_bmp.rf.fa950c334ee19495497246a10b7e2197.jpg, 0, 1, 0
DSCN4684_jpg.rf.fa7cbe9456b49986286d81cb49f9bc96.jpg, 1, 0, 0
sssaaaaaa_bmp.rf.0099ac635d08288c4f7b0dad31e31ddf.jpg, 1, 0, 1
dddd1--3----Copy_jpg.rf.02a424f5e9830d899baa8e5fa875aef6.jpg, 1, 1, 0
t2---Copy--2-_jpg.rf.023ba9acdf969bade61fdc31bbdb7716.jpg, 0, 0, 1
F-Sea-star-regenerating-two-arms--Washington--Olympic-Coast--2004--NOAA_web_jpg.rf.051a758fe59f563da60c806e25b42dbd.jpg, 0, 1, 0
DSCN4952---Copy_jpg.rf.0015aa838cea4e761c69e7723f0002f9.jpg, 1, 0, 1
dddd1--6----Copy_jpg.rf.01bc900243e72944ba47fb0abcf529ed.jpg, 1, 1, 0
Set2_DSCN3938-JPG_0---Copy_jpg.rf.00dcb79ab5043ff11b47c223e9178eb8.jpg, 1, 1, 0
t6_jpg.rf.02e8e8d3f1b04225088ffeeed4019d91.jpg, 0, 0, 1
vvvv--9-_jpg.rf.05df8a452c9501bf86daa0d08b0e3689.jpg, 0, 0, 1
51--9-_bmp.rf.05d4217f42e3ad02b4442371fe8beda1.jpg, 0, 0, 1
starfish--21-_jpg.rf.06ea0278f4ed4c18ac6bed05c17cc1d9.jpg, 0, 1, 0
t23---Copy--2-_jpg.rf.05922f446d65de05f71f040d312d6a63.jpg, 0, 0, 1
Set2_DSCN0939-TIF_0_jpg.rf.00c4a0270ac1f5590fe867dc54425016.jpg, 1, 0, 0
New-Bitmap-Image--21----Copy_bmp.rf.0675aa8d403070b894337b2687b59d27.jpg, 0, 1, 0
starfish--8-_jpg.rf.001b6cc4a2e47c9ee9a8b80da69106fa.jpg, 0, 1, 0
Set2_DSCN2330-JPG_0_jpg.rf.05d60dcdd8179b83158277bba409b874.jpg, 1, 1, 0
DSCN7538_C_jpg.rf.059be4fd1d7c2998aab412715982826c.jpg, 1, 0, 0
DSCN4480_1_JPG.rf.078c75f80a7b350a0b4fe5635c5357f1.jpg, 0, 1, 0
51--7----Copy_bmp.rf.055374f9a490ca8451e7019747211d62.jpg, 0, 0, 1
Set2_DSCN1659-JPG_0_jpg.rf.0727ccb104edfa0e3a4bc5bce5725474.jpg, 1, 1, 0
New-Bitmap-Image--9----Copy---Copy_bmp.rf.05d6ee120416bcfffe42dd2ea4693e37.jpg, 0, 1, 0
51--7-_bmp.rf.0813fac883559959cd7deb1d2e499493.jpg, 0, 0, 1
Set2_DSCN3623-JPG_0---Copy_jpg.rf.06133890cbf9afaaad7f5c757db6e866.jpg, 1, 1, 0
Set2_DSCN2083-JPG_0_jpg.rf.06ee95eef8c78e38cb309f355a81d2df.jpg, 1, 0, 0
DSCN4091_1---Copy---Copy_JPG.rf.05525da919d40b9e13a52938da909d58.jpg, 1, 0, 0
vvrrr--3----Copy_jpeg.rf.09abac6ac4d73201e18f63a5888509ae.jpg, 0, 0, 1
starfish--5-_JPG.rf.0ada00316ff59bd28b094c1dcf61a580.jpg, 0, 1, 0
newdg--3-_jpeg.rf.09f13a31fe6ff6ebca94402520b2231c.jpg, 0, 1, 0
Set2_DSCN3916-JPG_0_jpg.rf.0a3040b995c669fd799e88bf344349b5.jpg, 1, 1, 0
48--6----Copy_bmp.rf.0bb4b6ae0d6e9c32266f6130d5c9be95.jpg, 0, 0, 1
49--7----Copy_bmp.rf.0bea16cd20a85379cca2e7185ddad590.jpg, 0, 0, 1
starfish--44-_bmp.rf.0ba4059689ccb295702aa9e97e551808.jpg, 0, 1, 0
sas--3-_bmp.rf.0e95476cd3fa027b2c006b5198b5d261.jpg, 0, 0, 1
Set2_DSCN3766-JPG_0_jpg.rf.0be78a26dd5be8d505eecc35f615db10.jpg, 1, 0, 0
vvvv--5-_jpg.rf.1114dbe1b6bcd72e9abb3b50a022dede.jpg, 0, 0, 1
New-Bitmap-Image--15----Copy---Copy_bmp.rf.0d89e19a7f16f8eb4425600658b33675.jpg, 0, 1, 0
New-Bitmap-Image--17-_bmp.rf.0b6eb29f617bd7b4b68a974900ec8bd5.jpg, 0, 1, 0
vvvv--7-_jpg.rf.0daad24d80bdb403a3a91957ae09c795.jpg, 0, 0, 1
t4_jpg.rf.1019341c6d5dd0df505fa52d2b212049.jpg, 0, 0, 1
1--8----Copy_jpg.rf.0ff81e538c6b84eabab30bd4361f0ad7.jpg, 0, 0, 1
New-Bitmap-Image---Copy_bmp.rf.0ff6dddd3e067ca4f5a50b62a2f1d700.jpg, 0, 0, 1
DSCN5445_C_jpg.rf.0b25c1b79a237e5736b9a71178da855b.jpg, 1, 0, 0
DSCN4947---Copy---Copy_jpg.rf.0ca020218857dabbde53cc2d35d5f32c.jpg, 0, 0, 1
DSCN1390_C---Copy---Copy_jpg.rf.122b5fabee8dec64967fe872978b963a.jpg, 1, 0, 0
Set2_DSCN2255-JPG_0_jpg.rf.0be2ae4e31a1d72a95cb0f43e1ee4bb3.jpg, 1, 0, 0
51--5-_bmp.rf.14634507a885843a6c5f329551ef40e2.jpg, 0, 0, 1
DSCN4799---Copy_jpg.rf.1011d60ecf0f80d380fbef6dbbd472d9.jpg, 0, 1, 0
Set2_DSCN2756-JPG_0_jpg.rf.15e435a937fb3703b8d50762ed61e3e8.jpg, 1, 0, 0
starfish--36-_bmp.rf.11fcfd31c7c4c1ae9113297f73431a0f.jpg, 0, 1, 0
DSCN4234_1---Copy---Copy_JPG.rf.11ae37980db2533a3316e3db5f799b2d.jpg, 1, 0, 0
Set2_DSCN1438-JPG_0_jpg.rf.13bb72b790c5eee473ae2be4c894bf8d.jpg, 1, 1, 0
46---Copy--6----Copy_bmp.rf.16df56adea60098137969767db3f80c9.jpg, 0, 0, 1
DSCN4682_jpg.rf.126f9d26ea56877c05c8b50c9048713f.jpg, 1, 0, 0
Set2_DSCN2747-JPG_0_jpg.rf.13f940689496c35e14982c49bae49ff6.jpg, 1, 0, 0
DSCN4660_jpg.rf.1820740aefb4459071b4ff46b1332f55.jpg, 1, 0, 0
DSCN4481_1_JPG.rf.16c837167e3429599e465ab6adc7a9a3.jpg, 0, 1, 0
DSCN4445_1---Copy_JPG.rf.1497acab7c11a680d58cbbff3b4e2044.jpg, 1, 0, 0
t1---Copy--2-_JPG.rf.0e8c980923d2c8c7f0a01b268ecdfcdb.jpg, 0, 0, 1
sas--2-_bmp.rf.17248ef7a070464ed53ee83942f8717a.jpg, 0, 0, 1
3---Copy_png.rf.16290132cf6a1137d7a9eb718d5db07a.jpg, 0, 1, 0
DSCN2055_C---Copy---Copy_jpg.rf.1406689689c37941ab7fb324b60d07b6.jpg, 1, 0, 0
Set2_DSCN1671-JPG_0---Copy_jpg.rf.145b6f62597f7eb6134454130a930d69.jpg, 1, 1, 0
51--4----Copy_bmp.rf.159275490a2f5239f03fbb60f2d0c3ea.jpg, 0, 0, 1
vvvv--1-_jpg.rf.17a14767a8149ba21abc4446030712aa.jpg, 0, 0, 1
48--10----Copy_bmp.rf.191085ce3cce5296e2ac7f97bfce19ad.jpg, 0, 0, 1
DSCN4679_jpg.rf.197fcc5a049d8aa278dbfb3b5ad2db37.jpg, 1, 0, 0
starfish--26-_jpg.rf.17c844c951ccf79e1971f2b337d6b059.jpg, 0, 1, 0
New-Bitmap-Image--4----Copy_bmp.rf.19abd089809c907ec67ecdac0c5ceac1.jpg, 1, 1, 0
fwsdf_bmp.rf.14fe9153ad1a63a841a36b6d3a46b2f0.jpg, 0, 1, 0
dddd1--3-_jpg.rf.19468db319bbed74fb3b5559841652db.jpg, 1, 1, 0
starfish--7-_bmp.rf.1c020b5b093d662404036c1456627527.jpg, 0, 1, 0
starfish--43-_bmp.rf.1a109c8a2f13257592df1452ba347c9f.jpg, 0, 1, 0
DSCN4429_1---Copy_JPG.rf.1c24c8904328bedd750178777e037fb3.jpg, 1, 0, 0
Set2_DSCN3700-JPG_0_jpg.rf.1b437e6af7465540f2e8fc356eacec33.jpg, 1, 0, 0
sas--4----Copy_bmp.rf.1a26c22fe63d20c6ca22d24540410340.jpg, 0, 0, 1
DSCN6352_C_jpg.rf.1b3a8094c1432cd9564c9fde7a312d70.jpg, 1, 0, 0
DSCN4953---Copy_jpg.rf.1c28998fde8d8671550c49db23bab846.jpg, 0, 0, 1
starfish--12-_bmp.rf.1baaf04f0a02bddd9775f4fab7a56889.jpg, 0, 1, 0
sas--10----Copy_bmp.rf.1b787dc681b05e667cc1591b80f1dd18.jpg, 0, 0, 1
sas--9-_bmp.rf.1cb7798070ccbf7c84528a7266e79579.jpg, 0, 0, 1
Set2_DSCN3385-JPG_0_jpg.rf.194af94ade2f011b96ce767df0917297.jpg, 1, 0, 0
51--1----Copy_bmp.rf.1cac88c8114d65fe7173705e01b8827e.jpg, 0, 0, 1
ffff3_bmp.rf.1a0b6f81ac9c343021e52c1d6cb2cd7e.jpg, 0, 0, 1
Set2_DSCN1323-JPG_0---Copy_jpg.rf.19ee59a502da230b5f7adc2c1283c0c2.jpg, 0, 1, 0
t3_jpg.rf.1399663d4d8f39017b220d87d13ae1ec.jpg, 0, 0, 1
48--2-_bmp.rf.1deee00fc8d27fb6c1aa4af040569247.jpg, 0, 0, 1
dddd---Copy_bmp.rf.0565349da77e78ba2103f52f31aab134.jpg, 0, 1, 0
starfish--46-_bmp.rf.1c7d058189b9bedeb6f17dc8b3f8348e.jpg, 0, 1, 0
DSCN6275_C_jpg.rf.1d4003ac933b6057df6f2b0aa9c83f15.jpg, 1, 0, 0
Set2_DSCN2172-JPG_0_jpg.rf.1ee33819f235a90c25cf9a841cbfe0ba.jpg, 1, 0, 0
49--7-_bmp.rf.20c0baac59ede315b72ef9de6e659ce4.jpg, 0, 0, 1
48--6-_bmp.rf.2091f8ab230cf0794dcc95f22a08a379.jpg, 0, 0, 1
DSCN1078_C-Copy---Copy---Copy_jpg.rf.1a54e127cc1d6b4f3d545ab4d0c6b838.jpg, 1, 0, 0
starfish--3-_JPG.rf.2144c7dba802fd0ca02d6394df0c1593.jpg, 0, 1, 0
DSCN8363_C_jpg.rf.21086850103b3d19f9355821f1ed3960.jpg, 1, 0, 0
vvrrr--2----Copy_jpg.rf.21a26dc97faff80d6b4b9d5ee4758158.jpg, 0, 0, 1
Set2_DSCN3780-JPG_0_jpg.rf.1fca1415d53ee4a4dbd015a50cb46697.jpg, 1, 0, 0
New-Bitmap-Image--8----Copy---Copy_bmp.rf.21a6259ca67d1c31d5b4c8be9a88c242.jpg, 0, 1, 0
47--7-_bmp.rf.1c7a2a7ec2f106a01b3e48caed9ebaa8.jpg, 0, 0, 1
starfish--10-_jpg.rf.1f8a3de1435beb288a0a15df4984ae9d.jpg, 0, 1, 0
starfish--22-_bmp.rf.22aebb4ac6c060d6b18547b3dbdd3ee1.jpg, 0, 1, 0
Set2_DSCN2647-JPG_0_jpg.rf.1e94c7d2bab0c53110deb69bad46fdb8.jpg, 1, 0, 0
starfish--14-_jpg.rf.22851ba8661da66bda5adeb92e0415e4.jpg, 0, 1, 0
DSCN4978_jpg.rf.1db6d3c270ceeabf8e53725e2a975b62.jpg, 0, 1, 0
Set2_DSCN1338-JPG_0_jpg.rf.20e7f45176378eb22ebfe866fe421ffb.jpg, 1, 1, 0
9---Copy_JPG.rf.228be1780214e597ff4a5f89e226f2d0.jpg, 0, 0, 1
Set2_DSCN2367-JPG_0_jpg.rf.2091217e2ed0752efaf3917ed8e90a42.jpg, 1, 1, 0
48--11----Copy_bmp.rf.2121f955b283202713e362ca46f4e0c3.jpg, 0, 0, 1
DSCN4919---Copy_jpg.rf.22607c6e0ab3eca374228dabe296f19b.jpg, 1, 0, 1
DSCN4275_1---Copy--2-_JPG.rf.2169fcb1645e5a39971b9e143735a9bd.jpg, 1, 0, 0
dddd1--9-_jpg.rf.233fa694cbb428d3dd741c083b057c43.jpg, 1, 1, 0
New-Bitmap-Image--12----Copy_bmp.rf.2272afeb3f9665c879ab763623c3e5c0.jpg, 0, 1, 0
DSCN4869_jpg.rf.20e0c6a4e58820114ab57ee76361b66c.jpg, 0, 1, 0
3_png.rf.230d57bb90d28eee87ab3c69bc240882.jpg, 0, 1, 0
Set2_DSCN1568-JPG_0---Copy_jpg.rf.22bcf854b422169b52c843d1cb547834.jpg, 1, 1, 0
ca2---Copy_bmp.rf.20982bfa74d70a64f20f4d9c996489fb.jpg, 0, 0, 1
New-Bitmap-Image--25----Copy_bmp.rf.2403a8fc2e259ff2e46ca8a15a3b640a.jpg, 0, 0, 1
Set2_DSCN1441-JPG_0---Copy_jpg.rf.21b97bd8088c8f7df7a8f388e42da6c0.jpg, 1, 1, 0
DSCN4949---Copy_jpg.rf.22a6e08e8aabd36918aeb63c3611a191.jpg, 0, 0, 1
48--11-_bmp.rf.22ef50eb0e5f5fd8b72c41fe6b0200dd.jpg, 0, 0, 1
Set2_DSCN3577-JPG_0_jpg.rf.24461782c312bdf62b96f4e4a63dfb49.jpg, 1, 1, 0
Set2_DSCN1638-JPG_0---Copy_jpg.rf.22de5f40bdb88867c79be16f428a6b99.jpg, 1, 1, 0
DSCN4125_1---Copy---Copy_JPG.rf.28fbc78b6d324778a9fa5d30f24f69a0.jpg, 1, 0, 0
DSCN4885_jpg.rf.283b6ade5250547e882a6bacb9d187f4.jpg, 1, 0, 0
DSCN2050_C---Copy---Copy_jpg.rf.2577e456d0ee408f1e373cd89b906002.jpg, 1, 0, 0
48--5-_bmp.rf.2b273da47cb26848b52033d892653d8e.jpg, 0, 0, 1
New-Bitmap-Image--8----Copy_bmp.rf.23df461d3cae5c91a7a8cfd92c8ecae9.jpg, 0, 1, 0
Set2_DSCN2802-JPG_0_jpg.rf.24c85dc180fb147416a937b97aad6a32.jpg, 1, 0, 0
vvrrr--8----Copy_jpeg.rf.2937dc9e4c5374ee3869c127dc44c1fe.jpg, 0, 0, 1
DSCN0811_C---Copy---Copy_jpg.rf.2a2ad3ff3a304d28a8b325795966b259.jpg, 1, 0, 0
47--3----Copy_bmp.rf.260090115de4cc5450c2dc3a7c77ef75.jpg, 0, 0, 1
Set2_DSCN3125-JPG_0---Copy_jpg.rf.2b2c6baf61a854fbbed44bb8fc773576.jpg, 1, 1, 0
vvrrr--9----Copy_jpeg.rf.2cce582981d8f77d38ac2c9d865aad70.jpg, 0, 0, 1
DSCN4947_jpg.rf.24ca315d7fee8325211bc2330a521b33.jpg, 0, 0, 1
DSCN4834---Copy_jpg.rf.25d4e26acdd842b9580278905c8f14bf.jpg, 0, 1, 0
dddd1--8----Copy_jpg.rf.26f260da456291048833eff73fe70772.jpg, 1, 1, 0
7t---Copy--2-_jpg.rf.2c5b72e5e30bd3a4ffc9b69f0287afd9.jpg, 0, 0, 1
47--8----Copy_bmp.rf.2b77af40ef17d40ca9ebfc30b86087cd.jpg, 0, 0, 1
Set2_DSCN0969-TIF_0_jpg.rf.2c2803c05910c81539b0509772f17922.jpg, 1, 0, 0
Set2_DSCN3592-JPG_0_jpg.rf.2a1d9d7b60aa0a7c9466b6682373e65d.jpg, 0, 1, 0
New-Bitmap-Image--9-_bmp.rf.28f0697ad9273baa59cccdac5cf22368.jpg, 0, 0, 1
46---Copy_bmp.rf.2be4790e69a0e35288c7910f902d24e0.jpg, 0, 0, 1
vvrrr--1-_jpg.rf.2d5eb96a18899a68765b5b3ac225df48.jpg, 0, 0, 1
Set2_DSCN3752-JPG_0_jpg.rf.2e9e1bf6879705ffe64fe754e3e8beea.jpg, 1, 0, 0
vvvv--3-_jpg.rf.2db5f90da100eaf51b3f0b3b18f7e1c8.jpg, 0, 0, 1
DSCN4869---Copy_jpg.rf.2c9dddc26619d216210252432624548b.jpg, 0, 1, 0
48--12----Copy_bmp.rf.2cf3fa3755a08a1722e8e9c0c0e1e0b4.jpg, 0, 0, 1
vvrrr--2-_jpeg.rf.2e6d4213213d0604cbe507d3200238e2.jpg, 0, 0, 1
DSCN4389_1---Copy_JPG.rf.2f05138688ac533b982bf518fd2a6047.jpg, 1, 0, 0
bluefish---Copy--2-_jpg.rf.2f0f47ef32e6e4eaa5b246558f7fb0b2.jpg, 0, 0, 1
DSCN1961_C---Copy---Copy_jpg.rf.2ecbea08757b4429d2697ca5cef01419.jpg, 1, 0, 0
New-Bitmap-Image--10----Copy_bmp.rf.2f6b2f9782c952ec57072b3026c1e557.jpg, 1, 1, 0
7--3----Copy_jpg.rf.2cf033f1362e73d268c98e2697d4e2e3.jpg, 0, 0, 1
46---Copy--3-_bmp.rf.308eb1055f321f41399845656d050ff4.jpg, 0, 0, 1
starfish--23-_jpg.rf.2dab60d9e490ba4f4137b9f222c2665d.jpg, 0, 1, 0
DSCN1028_C---Copy---Copy_jpg.rf.2e5bf8c248626efcbbf2c7bc55c39a3f.jpg, 1, 0, 0
sas--10-_bmp.rf.317594b844e3ed5318c6fb0911259fec.jpg, 0, 0, 1
sas--7----Copy_bmp.rf.30ab95ba4760d19118400afa474ab3f3.jpg, 0, 0, 1
t6---Copy--2-_jpg.rf.2fc5308acf4067310ab872bc762297c6.jpg, 0, 0, 1
Set2_DSCN3924-JPG_0_jpg.rf.2f6b6ed3e85147e5f3991bb98acd5e67.jpg, 1, 1, 0
48--10----Copy_bmp.rf.31780ebb4f71bdd59bf531115b705854.jpg, 0, 0, 1
Set2_DSCN1430-JPG_0_jpg.rf.31a6a951eeea2453dcbf599a01ddf3b3.jpg, 1, 1, 0
47--11-_bmp.rf.3275e08f9902b47f3fd51f0d2db5812d.jpg, 0, 0, 1
vvvv--12-_bmp.rf.32db90515f7a60d304bd0e582c4599d7.jpg, 0, 0, 1
DSCN4388_1---Copy_JPG.rf.31b9a44163274337a5658402e7c242d1.jpg, 1, 0, 0
starfish--29-_bmp.rf.32314452c5b25395e48e7bbe6187e27a.jpg, 0, 1, 0
starfish--7-_JPG.rf.30565836bdc76dc5c7361c80a6344720.jpg, 0, 1, 0
New-Bitmap-Image--21----Copy---Copy_bmp.rf.2ee1ddd7bee3228b9b27a078ef8ad6ed.jpg, 0, 1, 0
dddd1--4----Copy_jpg.rf.2ac3eb0ed4c5f47a221fd9a945ebf70d.jpg, 1, 1, 0
DSCN4952_jpg.rf.32612c49e2179dfe63443273347ee46c.jpg, 1, 0, 1
vvrrr--5----Copy_jpeg.rf.321fe81b46b6ac23529e346b8551e3d7.jpg, 0, 0, 1
45a--5-_bmp.rf.34d025ef1fc9e96ca8f9160274fe2d6e.jpg, 0, 0, 1
starfish--35-_bmp.rf.361e9768d66c2d4a7982511a8c10f172.jpg, 0, 1, 0
vvvv--17-_bmp.rf.37a6a3e8ae282131d7960685fafd8459.jpg, 0, 0, 1
DSCN6351_C_JPG.rf.34b8ed26d5555153dd337874fb5234d6.jpg, 1, 0, 0
51--9----Copy_bmp.rf.344babe38b85b06762ef747ba30e57c1.jpg, 0, 0, 1
Set2_DSCN3285-JPG_0---Copy_jpg.rf.35f37f754ffecf916db5730b496419d3.jpg, 1, 1, 0
Set2_DSCN2236-JPG_0_jpg.rf.333be6703f97c24bd96cd1466d25bdfb.jpg, 1, 1, 0
Set2_DSCN3938-JPG_0_jpg.rf.36366baa737b61c13138790b0d511dae.jpg, 1, 1, 0
DSCN4895_jpg.rf.3906bc0dfc2a5ffb177b8244a4fa8455.jpg, 1, 0, 0
DSCN4937_jpg.rf.39c7987b65442888eb07a3a5f324e72a.jpg, 1, 0, 1
New-Bitmap-Image--2-_bmp.rf.3850e6fc37f8c059ab206d60b37a5814.jpg, 0, 1, 0
vvvv--16-_bmp.rf.3676f08cf4dcda910e2f9ca96b3da7c9.jpg, 0, 0, 1
47--10----Copy_bmp.rf.365cb62f632875bf2cfac58a0f5aaa71.jpg, 0, 0, 1
Set2_DSCN1639-JPG_0---Copy_jpg.rf.351a87945ad9cd1cd3b9d5e922a35242.jpg, 1, 1, 0
47--3-_bmp.rf.37830e4de7e982b81ee2a846206a183a.jpg, 0, 0, 1
New-Bitmap-Image---Copy--2-_bmp.rf.32c106efbb8fd65b15b43d77f0a6e1f0.jpg, 0, 0, 1
45a--4-_bmp.rf.3938d2501253332f9427d342351a91d4.jpg, 0, 0, 1
DSCN5485_C_jpg.rf.37f5422faba0796f8e7b696ed1dd830c.jpg, 1, 0, 0
Set2_DSCN2670-JPG_0_jpg.rf.3b4ed392d80f6badd1649795536abb82.jpg, 1, 0, 0
Set2_DSCN3183-JPG_0_jpg.rf.3bdf1f21cfa392d269683a093b53d830.jpg, 0, 1, 0
46---Copy--3----Copy_bmp.rf.360ee7f1785ebf754cc0720e84001fc8.jpg, 0, 0, 1
48--7----Copy_bmp.rf.3b95feb8cc573abae081d806bf9e8263.jpg, 0, 0, 1
51--12-_bmp.rf.3d04dc86b9b7a258deb521937bb24d6a.jpg, 0, 0, 1
t3---Copy_jpg.rf.3e5282a648e2cc891bd8db2b5d3d9056.jpg, 0, 0, 1
48_bmp.rf.4017b1ea1c38f607a3a8e94aff872082.jpg, 0, 0, 1
starfish--13-_bmp.rf.3a1389a03d4a73ff4bdd9dd8ea96015b.jpg, 0, 1, 0
starfish--33-_bmp.rf.3c2169a2f61e3ddfc8240015b2be0ced.jpg, 0, 1, 0
starfish--41-_bmp.rf.405ba9cfbd8008d5832bad76a432cf7b.jpg, 0, 1, 0
t1_JPG.rf.3b22f17a175b0377bea680bb139fc6fb.jpg, 0, 0, 1
DSCN4139_1---Copy---Copy_JPG.rf.3ec12bebb5e68c664bc8d4f2c7a12c24.jpg, 1, 0, 0
vvrrr--4-_jpeg.rf.41cd1f298a96b0255524e8cb35b6adb3.jpg, 0, 0, 1
45a--6----Copy_bmp.rf.40cacd91bd6e25b80e1cfb628c580aca.jpg, 0, 0, 1
DSCN4824---Copy_jpg.rf.3c634522e289a9334c4217b60003179a.jpg, 0, 1, 0
Set2_DSCN0938-TIF_0_jpg.rf.3e30c93b0b65e5dd058f5d426be59af5.jpg, 1, 0, 0
starfish--3-_bmp.rf.3d0bb2aa8b98810ff30f0f8646cb68c4.jpg, 0, 1, 0
vvrrr--6----Copy_jpeg.rf.407eadb669e86b175e1df0d167c176b0.jpg, 0, 0, 1
New-Bitmap-Image--13----Copy---Copy_bmp.rf.449208fade9ddda607bd8e5ef65a36c9.jpg, 0, 1, 0
47--12-_bmp.rf.447b963e2d7d4c90de4fede684a81168.jpg, 0, 0, 1
DSCN7632_C_jpg.rf.4028442d3bfe654e10890caaa07a61bb.jpg, 1, 0, 0
9_JPG.rf.439fa8c32bbf916c0ae48b1a10f86e5e.jpg, 0, 0, 1
Set2_DSCN1565-JPG_0---Copy_jpg.rf.4537ff217a6618cf82a8eee6057a920e.jpg, 1, 1, 0
starfish--23-_bmp.rf.3ed006303ed58fa61066e70d4aa7ae9c.jpg, 0, 1, 0
sas---Copy_bmp.rf.3d982e88cc2437aaf62554032b3ff46b.jpg, 0, 1, 0
51--8-_bmp.rf.40caf5f279789c79ac7fbb24e24af8c3.jpg, 0, 0, 1
Set2_DSCN3122-JPG_0---Copy_jpg.rf.4105540b1c6c16e173600b11d75e2d7e.jpg, 1, 1, 0
Set2_DSCN3623-JPG_0_jpg.rf.4300934cc67a427702b0690e961e2f93.jpg, 1, 1, 0
DSCN4678_jpg.rf.44e11f1a20edfe5ee310f1eeef81d819.jpg, 1, 0, 0
New-Bitmap-Image--17----Copy_bmp.rf.447e0ad30deb92c8c8055accb45bb12f.jpg, 0, 1, 0
Set2_DSCN2763-JPG_0_jpg.rf.4485b2b73f7bdd886946737259c0eec3.jpg, 1, 0, 0
Set2_DSCN2251-JPG_0_jpg.rf.469347983bb6d0b53918e867cab75e59.jpg, 1, 1, 0
New-Bitmap-Image_bmp.rf.49bf46f7b6e20b72c1ba7af5bf81bf93.jpg, 0, 1, 0
45a--2----Copy_bmp.rf.477f459ad19fed66e3ffc78a1b4d1551.jpg, 0, 0, 1
vvvv--10-_jpg.rf.441d9709da90f2b4a1c7c296d678b98c.jpg, 0, 0, 1
DSCN4941_jpg.rf.4b2988d0cfd98581ab1f57d0451ec6e9.jpg, 0, 0, 1
sas--4-_bmp.rf.44c8daa0b75a0ad77c6cbe29915ed19d.jpg, 0, 0, 1
vvvv--13-_bmp.rf.4c726b73d73070489bc5568f4a1a6895.jpg, 0, 0, 1
51--11----Copy_bmp.rf.469bb8aae66240dcf20908acbdb3d111.jpg, 0, 0, 1
DSCN4680---Copy_jpg.rf.4974d7ce3e5177ff1be020b19e819f18.jpg, 0, 1, 0
sas--6-_bmp.rf.4b69932de1bfe36bda02cb42e962adcd.jpg, 0, 0, 1
New-Bitmap-Image--6----Copy_bmp.rf.4a6efaa9649743266e8c672cdeb83e78.jpg, 0, 1, 0
sas--1----Copy_bmp.rf.4a61064a9736bdc53eaeeb64eb262d3d.jpg, 0, 0, 1
newdg--1-_jpeg.rf.4cb03e6fdde1cdb47b813b58e8370d2f.jpg, 0, 1, 0
DSCN4942_jpg.rf.4716081de95332244567ca2e41100dee.jpg, 0, 0, 1
8--2----Copy_jpg.rf.4df94f80585885b53590bd8795a0fceb.jpg, 0, 0, 1
49--2-_bmp.rf.4e439647981e4d0e6776f95c68401125.jpg, 0, 0, 1
vvvv--6-_bmp.rf.4e05e1ef30d1f51104f76c2f560ed15a.jpg, 0, 0, 1
Set2_DSCN1090-JPG_0_jpg.rf.4e0c3d1089fd6f19afa6d1128a649f6e.jpg, 1, 1, 0
49--1----Copy---Copy_bmp.rf.4e0445bf0150f982762482185510c4d9.jpg, 0, 0, 1
DSCN4892_jpg.rf.468206900384a6355cdbbbd32af70843.jpg, 1, 0, 0
Set2_DSCN1261-JPG_0_jpg.rf.4cf98cafe18e0b3a3bbf65340a495c89.jpg, 1, 1, 0
Set2_DSCN1090-JPG_0---Copy_jpg.rf.4e956cbb066bebcf5c2bb35f0dc12cef.jpg, 1, 1, 0
t2_jpg.rf.4ee092796661620b3a784f866424c0a4.jpg, 0, 0, 1
New-Bitmap-Image--20----Copy---Copy_bmp.rf.4e9394819ba0179df1d3b6b2703665fb.jpg, 0, 1, 0
vguuu1--2-_jpg.rf.4f9c801721c9daad922308bb288e5dde.jpg, 0, 1, 0
45a--3-_bmp.rf.467fe34d8a146f6266d7150c0f5d31d8.jpg, 0, 0, 1
DSCN4946---Copy---Copy_jpg.rf.4f59cde5e7c972bdc8c566de3e63a308.jpg, 0, 0, 1
Set2_DSCN2974-JPG_0---Copy_jpg.rf.49c729dd0960bb7990d10b3da2666ab0.jpg, 1, 1, 0
DSCN1436_C---Copy---Copy_jpg.rf.4f3f3096eb304f993a243b9db1d3d7f0.jpg, 1, 0, 0
Set2_DSCN3869-JPG_0_jpg.rf.4f0ec753e0c9898f05ce0c6589e10e97.jpg, 1, 0, 0
sas_bmp.rf.a294c4e81394b960bf5d7fbe71e539c3.jpg, 0, 0, 1
dddd1--10-_jpg.rf.a24d919bec2ceea3ee80a7605c76cba1.jpg, 1, 1, 0
ffff3---Copy_bmp.rf.a4569fcfed7a30792d67ce461c007674.jpg, 0, 0, 1
48--10-_bmp.rf.a2b74d68987e174f775c46cf6f56780c.jpg, 0, 0, 1
dddd1--10----Copy_jpg.rf.a2a3a0afc4741b24e4e2f34b9100a97f.jpg, 1, 1, 0
x---Copy--2-_bmp.rf.a24953bd4c321631af3b12f07ef78b78.jpg, 0, 0, 1
Set2_DSCN3577-JPG_0---Copy_jpg.rf.a31ae0d3d53153a31a15c2c1c8c9c5a0.jpg, 1, 1, 0
47--13-_bmp.rf.a3170abedf7cf886775dd0cfd6bd4c57.jpg, 0, 0, 1
DSCN4951_jpg.rf.a53972f8b6c681fbed19a05200192e35.jpg, 1, 0, 0
vvvv--5-_bmp.rf.a91f79e03bb8deb21c81965636be0875.jpg, 0, 0, 1
sas--8-_bmp.rf.a8d69eb5a5038bd386fdd0bada6ebd32.jpg, 0, 0, 1
vvrrr--3----Copy_jpg.rf.a15165b02a3d2747b8c41b8ae080c48b.jpg, 0, 0, 1
Set2_DSCN3622-JPG_0---Copy_jpg.rf.a73d03353e6bec700122be62f382f60b.jpg, 1, 1, 0
sas---Copy---Copy_bmp.rf.a80ec4f5fb232c0558ff0ca92b406424.jpg, 0, 0, 1
New-Bitmap-Image--11----Copy_bmp.rf.a6fc022400129567e0b5dfcb7950e691.jpg, 1, 1, 0
DSCN4729_jpg.rf.a2b0fb5929febd3dbfd0f95ac81de446.jpg, 1, 0, 0
47--6----Copy_bmp.rf.a5d0eaf27c82332eeab64f0dffac9a12.jpg, 0, 0, 1
Set2_DSCN3541-JPG_0_jpg.rf.a8ca6062b68a37411f4ae4f2a7b69de4.jpg, 1, 1, 0
48--4-_bmp.rf.a81133d98444e50ce89dc0ee930d151c.jpg, 0, 0, 1
ddsds_jpg.rf.a836e3bc239ebd82bfe7271426a4c4aa.jpg, 0, 1, 0
sas--8----Copy_bmp.rf.a90cb1fc9485bfda2a0712e02729f315.jpg, 0, 0, 1
vguuu1--1-_jpg.rf.a97a1bf26b5c60eed9905ecc3e32b7b4.jpg, 1, 0, 0
DSCN4956_jpg.rf.a90e07e6ab4b7190576b15d86241c851.jpg, 1, 1, 0
45a--9----Copy_bmp.rf.a59c8d6c29833c5fac1cb20720e74e4a.jpg, 0, 0, 1
vvrrr--1----Copy_jpg.rf.a94ac8aa8da28113588814f0271efa5b.jpg, 0, 0, 1
DSCN3140_C---Copy---Copy_jpg.rf.aa70a34606e101200e3d394f797f495f.jpg, 1, 0, 0
DSCN4448_1---Copy_JPG.rf.a58bf9676513bfc8472e57433cf14842.jpg, 1, 0, 0
48--8----Copy_bmp.rf.a9e6d99b464685ff2e8688ee45d574e9.jpg, 0, 0, 1
47--8-_bmp.rf.abbe66875ef9203134352bc2063a1893.jpg, 0, 0, 1
Set2_DSCN1278-JPG_0---Copy_jpg.rf.aa83c28ab42df50a6db33e01c0260b32.jpg, 1, 1, 0
Set2_DSCN2739-JPG_0_jpg.rf.ab344e6a85d36561516bc58a4a91ed06.jpg, 1, 0, 0
47--13----Copy_bmp.rf.abe93df95356d5968058fba3346f5b23.jpg, 0, 0, 1
xxxs_bmp.rf.ad6d8c5e91cc300d8ed0d049b43ba427.jpg, 0, 1, 0
sas--5-_bmp.rf.ac58a6f8a60c9bc8ee817b84f286fb64.jpg, 0, 0, 1
starfish--4-_bmp.rf.ae52db0ee38e9f660f91ead5559340ee.jpg, 0, 1, 0
New-Bitmap-Image--10----Copy---Copy_bmp.rf.b0a71763956c3a5daba5dd83f03fcdd7.jpg, 1, 1, 0
New-Bitmap-Image--8-_bmp.rf.af248fae161aafe80b025324e1c24a91.jpg, 0, 0, 1
46---Copy--5-_bmp.rf.b1efd1c93593edb80cf70a0ecc091f7b.jpg, 0, 0, 1
vvrrr--1-_jpeg.rf.af6caa331fcd5b3f540296d39fd6f36f.jpg, 0, 0, 1
Set2_DSCN3185-JPG_0---Copy_jpg.rf.abfeeedd279526538da385b3aa8e0471.jpg, 1, 1, 0
DSCN4740_jpg.rf.b185ee0832ab4a54ab69e8ffc93aad43.jpg, 1, 0, 0
vguuu1--3-_jpg.rf.abf02e639efa90b4a10a91e90f49e8d6.jpg, 0, 1, 0
vvvv--3-_bmp.rf.b32e9ef71713ed43c992333e6c6c943a.jpg, 0, 0, 1
46_bmp.rf.b20a13d675a549ffffb2852fdb2e3d34.jpg, 0, 0, 1
DSCN0956_C---Copy---Copy_jpg.rf.b3d2d7aa573ec2ed7708020aa5c286b9.jpg, 1, 0, 0
48--5----Copy_bmp.rf.b464ff72cf91d09dc44fe61aed70d0c9.jpg, 0, 0, 1
49--6----Copy_bmp.rf.af7fd3de1c6048172bb2b25b669ac671.jpg, 0, 0, 1
Set2_DSCN2028-JPG_0_jpg.rf.ad51d2c09d666384a02f08441dab444a.jpg, 1, 0, 0
sas--2----Copy_bmp.rf.b0fbbe94d78c73681d3f1921098c7c3d.jpg, 0, 0, 1
DSCN0096_C---Copy---Copy_jpg.rf.af210917beb2a1d9ad4f6a133f1f8feb.jpg, 1, 0, 0
Set2_DSCN1232-JPG_0_jpg.rf.b28e8a886393a919ab3acf949dc70f36.jpg, 1, 1, 0
t23---Copy_jpg.rf.b3c0122d5f1f21ce1341a5680e59fc46.jpg, 0, 0, 1
51--10----Copy_bmp.rf.b0f3812ca8ca7711b6d85a3b67ff723d.jpg, 0, 0, 1
vvrrr--5-_jpeg.rf.b4b2801cc5d52d2f81c75df06b2cae62.jpg, 0, 0, 1
48--3-_bmp.rf.ba12c09422e39e7d043b028af7f11252.jpg, 0, 0, 1
ca2_bmp.rf.beb29841cd11ea54abb1bbca6b03e428.jpg, 0, 0, 1
New-Bitmap-Image--12----Copy---Copy_bmp.rf.bd4791da341bae399d197088c353057b.jpg, 0, 1, 0
47--10-_bmp.rf.b5c83175eadb23c0ffe15d5a2747cdc6.jpg, 0, 0, 1
New-Bitmap-Image--17----Copy---Copy_bmp.rf.bdaafabec1a2aaf385af11441ecbaf60.jpg, 0, 1, 0
48--1----Copy_bmp.rf.bb62e6f61cc5d6fd9e4f018d79565c2c.jpg, 0, 0, 1
vvvv--1-_bmp.rf.bfa1b2578c5556de4b9d00f929c0b90f.jpg, 0, 0, 1
Set2_DSCN3196-JPG_0_jpg.rf.b87b33510ef4302ddc23029d3db92dc7.jpg, 1, 1, 0
47--12----Copy_bmp.rf.b50a0f6d4105fe5cad5fae48faf1328a.jpg, 0, 0, 1
Set2_DSCN1568-JPG_0_jpg.rf.bb85e756071d61eb3b7ded1abd18aaa8.jpg, 1, 1, 0
DSCN8890_C_jpg.rf.b5b7142b2d62f28b3b899be3c016ce6d.jpg, 1, 0, 0
ddd_jpg.rf.bc2a84d42b81e0a47a52519f8c5beb12.jpg, 0, 1, 0
dddd1--5----Copy_jpg.rf.bcb22cd5259c91762753066382e52cb1.jpg, 1, 1, 0
starfish--17-_bmp.rf.bd12fa1d60150daf75f570b0e3d42eda.jpg, 0, 1, 0
51--6----Copy_bmp.rf.b533c67d465c6dd04e85bbe12adb00db.jpg, 0, 0, 1
DSCN4871_jpg.rf.bf4601a027b1da5107788a921eb08be4.jpg, 1, 0, 0
Set2_DSCN1572-JPG_0---Copy_jpg.rf.bba9f9b0631b86ea7fcdc4072ad86007.jpg, 1, 1, 0
New-Bitmap-Image--6----Copy---Copy_bmp.rf.b5ce57d05842704fb910fbbd2dd30c5f.jpg, 0, 1, 0
DSCN4932_jpg.rf.bee478684f16e76d7f5ecebc0b93c6d2.jpg, 1, 0, 0
ca3---Copy_bmp.rf.b764372e490c8231f6e2a762d7c41b78.jpg, 0, 0, 1
starfish--11-_jpg.rf.ba14de3f6f140d96e1a95ef902ed8999.jpg, 0, 1, 0
t5_jpg.rf.bd356229c21dbe672e6a440b8fbde316.jpg, 0, 0, 1
DSCN4946---Copy_jpg.rf.bfbf80ecf0333ffc1349926466dc4180.jpg, 0, 0, 1
sas--3----Copy_bmp.rf.c14ce089b09203f02c02edbec9ca3106.jpg, 0, 0, 1
Set2_DSCN3428-JPG_0---Copy_jpg.rf.bd71584d602cf2b95ecc8383f9f58614.jpg, 1, 1, 0
vvvv--4-_jpg.rf.c184da37000007df679ecb7bafd96602.jpg, 0, 0, 1
xxxx_bmp.rf.c27cd0a3a11eda486b3bdff74df89de2.jpg, 0, 1, 0
45a--6-_bmp.rf.bb564ea92bf06eb5ed7269f353cb938e.jpg, 0, 0, 1
dddd1--11-_jpg.rf.c1e2094c3ee9c3eb6e1b33cf52808d26.jpg, 1, 1, 0
fff1_bmp.rf.c5456214c2f8f3242aa41bfa2e702636.jpg, 0, 0, 1
Set2_DSCN3185-JPG_0_jpg.rf.c2464d367aa8b81f170fdda8fdf1c39f.jpg, 1, 1, 0
ssasss_bmp.rf.c26f40f62f4a60182aebf77447d34dae.jpg, 0, 0, 1
vvvv--7-_bmp.rf.c6f744a25ec8cd51c37c6f57aeaf8ab2.jpg, 0, 0, 1
46---Copy--6-_bmp.rf.c5bbe5fab74f8606548e89e7f4446baf.jpg, 0, 0, 1
Set2_DSCN3622-JPG_0_jpg.rf.c2ca8468b3ec6598428821f1d50e34b9.jpg, 1, 1, 0
46---Copy_bmp.rf.c4ded96eddf9e053d864275b0ea31940.jpg, 0, 0, 1
vvvv--8-_jpg.rf.c1a63cd98e1caa666f1709c680ee839c.jpg, 0, 0, 1
starfish--1-_jpg.rf.c48f0c867a2ba49a69fb22beacb86bd6.jpg, 0, 1, 0
45a--8----Copy_bmp.rf.c62944bbb4996ec9b8bba22e87eec2df.jpg, 0, 0, 1
49--1----Copy_bmp.rf.c87b24be5abb14f08429bdafffd3b810.jpg, 0, 0, 1
Set2_DSCN3280-JPG_0_jpg.rf.c7aa2f19894bccd24d4275cae94ff0b3.jpg, 1, 0, 0
DSCN4945---Copy_jpg.rf.c25ef22f8b0fb73f2fbee4d96a552be4.jpg, 0, 0, 1
Set2_DSCN2180-JPG_0_jpg.rf.c8bd84a4b4bcd00c1a39bfd093c54ac2.jpg, 1, 0, 0
Set2_DSCN1347-JPG_0_jpg.rf.c1c257cdfcd14734ed533a4f038dcd36.jpg, 0, 1, 0
DSCN4277_1---Copy_JPG.rf.c84c6c3c741cc1bf660182837a9c6a82.jpg, 1, 0, 0
49--4----Copy_bmp.rf.c45a007742986101942bca5faaed8147.jpg, 0, 0, 1
DSCN4464_1_JPG.rf.c95f705ac3c6fe645ae90f89e47e8acd.jpg, 1, 0, 0
DSCN4945_jpg.rf.c87c782440d66acee10ca29b0192add1.jpg, 0, 0, 1
x---Copy_bmp.rf.c8888f822b064aad68a0aedabe0502fa.jpg, 0, 0, 1
starfish--12-_jpg.rf.c90887d6f5a4f27711af21b28343d996.jpg, 0, 1, 0
DSCN2610_C---Copy---Copy_jpg.rf.ce50a4c563d93a504146d709f195c119.jpg, 1, 0, 0
New-Bitmap-Image--16----Copy_bmp.rf.c013136a1394d9a5fabc790aeea057a9.jpg, 0, 1, 0
DSCN4888_jpg.rf.cadb146d7c462a5da4b699ae8e0843ed.jpg, 1, 0, 0
dddd1--7-_jpg.rf.ca089a31d5c65c58f4dd2533ad0777e8.jpg, 1, 1, 0
Set2_DSCN3879-JPG_0_jpg.rf.cada32c366b5796e27cf0d9cdb12a21f.jpg, 1, 1, 0
starfish--16-_bmp.rf.ce37e4764d9ea83ac0e08404e6841fc9.jpg, 0, 1, 0
DSCN4795_jpg.rf.cc01ba4021681166111c2baa9330c9f4.jpg, 0, 1, 0
Set2_DSCN1349-JPG_0_jpg.rf.cd18c366f1df35649e4389a3ec5ce0ef.jpg, 1, 1, 0
51--12----Copy_bmp.rf.c5c110d0b60f2aa9631780be0ca70be0.jpg, 0, 0, 1
Set2_DSCN1565-JPG_0_jpg.rf.cea296831b70755a4aa59d5c8f8879f1.jpg, 1, 1, 0
47--1----Copy_bmp.rf.c9b3ee67e51c91e8fc4146413b5f9de2.jpg, 0, 0, 1
vvrrr--6-_jpeg.rf.ce577a37788957e946366b484ed26d55.jpg, 0, 0, 1
starfish--6-_JPG.rf.d0042d6c02c375f5e19f7567d789023e.jpg, 0, 1, 0
New-Bitmap-Image--5----Copy_bmp.rf.d15332b561a348fe05c925e2a89f0069.jpg, 0, 1, 0
DSCN4432_1---Copy_JPG.rf.d1a7cbadeb496ec058d664d7e4086b7b.jpg, 1, 0, 0
ssasss---Copy_bmp.rf.cd930b9724dd9e3eb046a8de5f89a7a2.jpg, 0, 0, 1
DSCN4710_jpg.rf.d1d8b5a09ed2bbd1dfeebc3a4bfe821e.jpg, 1, 0, 0
New-Bitmap-Image--19----Copy_bmp.rf.ce54620a994f04203cb8ce602aa85d1e.jpg, 0, 1, 0
Set2_DSCN1572-JPG_0_jpg.rf.cf039607bc7ea16e80ab62f102b86c3e.jpg, 1, 1, 0
Set2_DSCN2258-JPG_0_jpg.rf.cdce8c82cdedee97f11585447665077a.jpg, 1, 0, 0
vvvv--11-_bmp.rf.cf0689b1816397765927817c28e985b2.jpg, 0, 0, 1
DSCN1492_C---Copy---Copy_jpg.rf.d177516fe482bbcaf503c576f3f810a8.jpg, 1, 0, 0
DSCN7530_C_jpg.rf.d0033b6f59a7f228182b0d7b4eaff95e.jpg, 1, 0, 0
sas--6----Copy_bmp.rf.d281af1907dbd741b8ac74ef4d6475c9.jpg, 0, 0, 1
DSCN4750_jpg.rf.d277179b225ab698033fe1f08cadf744.jpg, 1, 0, 0
t6---Copy_jpg.rf.cec80a475ac8b02c46f228e2436e1b7d.jpg, 0, 0, 1
starfish--2-_JPG.rf.d20d36701b9928cdda9473b8b482c8da.jpg, 0, 1, 0
bluefish---Copy_jpg.rf.d3b227b80151623624ed65910b0db8fc.jpg, 0, 0, 1
DSCN2382_C---Copy---Copy_jpg.rf.d03716e6e8952c13283f64226042abd1.jpg, 1, 0, 0
dddd1--2----Copy_jpg.rf.cef99f0fdae8bf958f8d40857fd132b3.jpg, 1, 1, 0
dddd1--7----Copy_jpg.rf.cd1214268af6db687dd1cfdff6441fe4.jpg, 1, 1, 0
45a--8----Copy_bmp.rf.d31f1319e28ad17f42b0db9ddc81d18c.jpg, 0, 0, 1
bluefish_jpg.rf.d479844734ebbd30263abcef498333df.jpg, 0, 0, 1
starfish--21-_bmp.rf.d505bcc0290bcdd6afaf1258da2eaa60.jpg, 0, 1, 0
Set2_DSCN3125-JPG_0_jpg.rf.d4568a06d9c26e0bf554eabcc6238fba.jpg, 1, 1, 0
Set2_DSCN1671-JPG_0_jpg.rf.d39c79d30675b5b246b1ec0a78271dc5.jpg, 1, 1, 0
Set2_DSCN3246-JPG_0_jpg.rf.d77bd8650b6161866c90f586ab553138.jpg, 1, 0, 0
vvvv--2-_bmp.rf.d3525c53ce6bb4b1344254ae074b0060.jpg, 0, 0, 1
starfish--24-_bmp.rf.d1c2caff33882de19942a7be18b9918b.jpg, 0, 1, 0
New-Bitmap-Image--18----Copy_bmp.rf.d46e6e1959d12ac66cfc15a0fe2d48cd.jpg, 0, 1, 0
Set2_DSCN3285-JPG_0_jpg.rf.d433dd97026df256975018f5722562b6.jpg, 1, 1, 0
DSCN1821_C---Copy---Copy_jpg.rf.d92f5817e107f9e2f41955a6fd41323c.jpg, 1, 0, 0
t5---Copy--2-_jpg.rf.daba2157519963aeaab09c6d05df47c9.jpg, 0, 0, 1
DSCN2079_C---Copy---Copy_jpg.rf.dad82018dcd77993a8a0f93d0cb26dba.jpg, 1, 0, 0
New-Bitmap-Image--22----Copy_bmp.rf.d8a06e65febf919c3182a6fcb095fc26.jpg, 0, 1, 0
sas--2----Copy_bmp.rf.da0676416b929cd7e040dfb6a0469abc.jpg, 0, 0, 1
48---Copy_bmp.rf.d78f6c03621d16259a5cb443acd31f94.jpg, 0, 0, 1
ca---Copy_bmp.rf.d90a2261a041befd2b8c69247a7c372b.jpg, 0, 0, 1
DSCN4949_jpg.rf.dbbf054807b786e65629c3e2894521a7.jpg, 0, 0, 1
51--8----Copy_bmp.rf.d84090652f787287c01741fbdbb27674.jpg, 0, 0, 1
DSCN4105_1---Copy---Copy_JPG.rf.d9cf5bc8a0099999467830ebfa7207a7.jpg, 1, 0, 1
DSCN0119_C-Copy---Copy---Copy_jpg.rf.d3568e627ab4c408e62cf6dc2ff44b36.jpg, 1, 0, 0
New-Bitmap-Image--23----Copy_bmp.rf.da14a93cc624eed043eb827c9901f657.jpg, 0, 1, 0
DSCN4822---Copy_jpg.rf.da67a41bd660926753ee6f17b22ef9bf.jpg, 0, 1, 0
starfish--15-_jpg.rf.d8f56b4bcbf1c53ec89132cac50f52cc.jpg, 0, 1, 0
DSCN0310_C---Copy---Copy_jpg.rf.d8e99c92c399dfea3c859c85eeeb1b71.jpg, 1, 0, 0
Set2_DSCN2364-JPG_0---Copy_jpg.rf.db2cdc339ab362c6da4383df6f950251.jpg, 1, 1, 0
Set2_DSCN1638-JPG_0_jpg.rf.da904b7ac9186ab4315526148866375c.jpg, 1, 1, 0
45a--1-_bmp.rf.d325fe8e370eb5cd987ee814dcdd5515.jpg, 0, 0, 1
DSCN4879---Copy_jpg.rf.dbc7ba66d267c296ff8b2ad6804a1d22.jpg, 1, 1, 0
vvvv--10-_bmp.rf.db76be4a7b843bc0dcf9d00e09204e4e.jpg, 0, 0, 1
DSCN4677_jpg.rf.de0894d2a7b0aa86d8acf7cca7bf52e2.jpg, 1, 0, 0
47--4-_bmp.rf.d8741765121b876f581cbc18f6503ce4.jpg, 0, 0, 1
DSCN4866_jpg.rf.db16776cc15c8bc2f89379e137d36036.jpg, 0, 1, 0
48--12-_bmp.rf.ddc2fee1d36f7a784def0faf4a7e813d.jpg, 0, 0, 1
x2_bmp.rf.de56b07e43adab3d2f266c42e7efa7f9.jpg, 0, 1, 0
DSCN4940_jpg.rf.dbbd1058d201e72366cc1ecd70dd6dce.jpg, 0, 0, 1
x1---Copy_bmp.rf.dc0ddbceaa778597621dd7510568f63a.jpg, 0, 1, 0
vvrrr--3-_jpg.rf.dcc8f08554bd5219441a8d23f65a3f01.jpg, 0, 0, 1
51--10-_bmp.rf.db393abdccd0a990632f9f86ea8fdb64.jpg, 0, 0, 1
vvvv--18-_bmp.rf.dc598c76d5867783fe125b8c850e6ee3.jpg, 0, 0, 1
51--3-_bmp.rf.de55a016f219608c42d805457cfc438c.jpg, 0, 0, 1
DSCN4940---Copy_jpg.rf.de372c8347f36df0738f82eca042ac6d.jpg, 0, 0, 1
Set2_DSCN3916-JPG_0---Copy_jpg.rf.ddfc2eb1a37e449a4be9aabcacd58229.jpg, 1, 1, 0
46---Copy---Copy_bmp.rf.e18479cd35d3a92fcb434e3a4c3b17b8.jpg, 0, 0, 1
DSCN4288_1---Copy_JPG.rf.dfe21356ffde716208b8996e875a03b4.jpg, 1, 0, 0
DSCN4289_1---Copy_JPG.rf.de1480e04ecfcc8b5b0ce490227cedb9.jpg, 1, 0, 0
DSCN0840_C---Copy---Copy_jpg.rf.e003dbc6bb7ba35f47d473d5e7ab86ba.jpg, 1, 0, 0
49--7----Copy---Copy_bmp.rf.dd95263e5227c824c1a8e4f996b85133.jpg, 0, 0, 1
t4---Copy--2-_jpg.rf.e23cd2189e977b029d60dbd469f83f32.jpg, 0, 0, 1
45a--1----Copy_bmp.rf.dfc2f599689f9cd41df2be0c0797d7c3.jpg, 0, 0, 1
47--9-_bmp.rf.e4390940c8f43beb49f4b30494720d4d.jpg, 0, 0, 1
DSCN4894_jpg.rf.e5976332a7fa7bdbbde1df67d2342ddb.jpg, 1, 0, 0
starfish--9-_jpg.rf.e278eec989d3f0ba510ff81c9ae2ab55.jpg, 0, 1, 0
Set2_DSCN1421-JPG_0_jpg.rf.e3af94ffcb4433a599d957ef6ee19bb2.jpg, 1, 0, 0
DSCN4481_1---Copy_JPG.rf.e3426e2fd9bb790f256bac78d93c5c14.jpg, 0, 1, 0
DSCN4946_jpg.rf.e1145b5bac6e0f4771fc674c72cf5804.jpg, 0, 0, 1
x1_bmp.rf.e61dff0843acca4c4ddfbc3b1d54f912.jpg, 0, 1, 0
45a--9-_bmp.rf.e70f954026bdf8b12da06aa77660022c.jpg, 0, 0, 1
starfish--2-_bmp.rf.e52b269452378a0d3c16c3611eadae32.jpg, 0, 1, 0
DSCN4733_jpg.rf.de5d2fa0935779d736058b23ea70331f.jpg, 1, 0, 0
DSCN6179_C_jpg.rf.e75dd9bda888b1cff45faa76c308c873.jpg, 1, 0, 0
New-Bitmap-Image--7----Copy---Copy_bmp.rf.e1d37d3f914d858fff37f93485db5468.jpg, 0, 1, 0
vvvv--8-_bmp.rf.e618ff08f018444f0830ad6036e9dc2f.jpg, 0, 0, 1
Set2_DSCN3585-JPG_0---Copy_jpg.rf.e50aef7c536b6a876581a91d5b231f7b.jpg, 1, 0, 0
dddd1--12----Copy_jpg.rf.e7eef20cff085c9a76a3b9882b0d72af.jpg, 1, 0, 0
DSCN4879_jpg.rf.dec8a7b8389d10aed85e6cfe5871bd7f.jpg, 1, 1, 0
dddd1--11----Copy_jpg.rf.e24eab776b3b47e5449d70f54aaf1864.jpg, 1, 1, 0
47--2-_bmp.rf.e774b471a04efec8dce79644d048e859.jpg, 0, 0, 1
starfish--25-_bmp.rf.e6d0a984052afe2ecf4f1753586f048f.jpg, 0, 1, 0
vvvv--6-_jpg.rf.e75f7b6f1dd1b9f34713b3ce480b4457.jpg, 0, 0, 1
DSCN4822_jpg.rf.e475df1eedef552e3d22134f8c377948.jpg, 0, 1, 0
51--6-_bmp.rf.ec492f49c5122c4a8950b0775c23a0a3.jpg, 0, 0, 1
Set2_DSCN1349-JPG_0---Copy_jpg.rf.eca4e2e78c5258d7e44ea4afbac5283d.jpg, 1, 1, 0
Set2_DSCN3264-JPG_0_jpg.rf.e8625744d2cf6bb8812290a9b9ea170a.jpg, 1, 0, 0
New-Bitmap-Image--24----Copy_bmp.rf.e834793d940512babc6b925412b5a800.jpg, 0, 1, 0
49--3-_bmp.rf.ed191628b296a8e131aa4768c9b97825.jpg, 0, 0, 1
sas--7----Copy_bmp.rf.eeba199c0cb9dbf1317a15d1802d4783.jpg, 0, 0, 1
x3_bmp.rf.e6d6fe54b886b8943af066dc544642c1.jpg, 0, 1, 0
vvvv--1-_jpeg.rf.ecac1be424b2d41fde820150844f8245.jpg, 0, 0, 1
47--7----Copy_bmp.rf.eb7a07d8eaa8333387df024a50cd6e42.jpg, 0, 0, 1
x2---Copy_bmp.rf.edfa8283d1e38a3820948649caf22ecf.jpg, 0, 1, 0
Set2_DSCN1900-JPG_0_jpg.rf.eaa7c0fe5adb89e7522c5722d024e47b.jpg, 1, 0, 0
New-Bitmap-Image--7-_bmp.rf.efc0b2013416ca889e858a0339254939.jpg, 0, 1, 0
fwsdf---Copy_bmp.rf.f27a85e37f49ba57ed0b80994f7e646a.jpg, 0, 1, 0
DSCN9171_C_jpg.rf.ed776c6f5664077c03c17b4644fc33d4.jpg, 1, 0, 0
51--3----Copy_bmp.rf.ec231c3cbbeaa9a9177cc96795bb733d.jpg, 0, 0, 1
DSCN4685_jpg.rf.ef0b1af705a8ea3f981e3795143a0c80.jpg, 1, 0, 0
DSCN4950---Copy_jpg.rf.f2732b58c0365b954b9e3b085bb78ccc.jpg, 0, 0, 1
45a--3----Copy_bmp.rf.efb5ab1abe8c27be48f84fa62db28b2a.jpg, 0, 0, 1
sas--8----Copy_bmp.rf.f281ebf32f494296eaa4d00cdff19175.jpg, 0, 0, 1
starfish--32-_bmp.rf.ef517b11a7a4fbd1f5e71498e28b89bf.jpg, 0, 1, 0
5---Copy_jpg.rf.f09d80ad313cc59160458cf76f007b6f.jpg, 0, 0, 1
47--1-_bmp.rf.f36f31a32a42eb3c9e95529797b4842e.jpg, 0, 0, 1
New-Bitmap-Image--9----Copy_bmp.rf.ec50071e98316697f4e4b6575418490a.jpg, 0, 1, 0
59DSCN2572_C---Copy---Copy_jpg.rf.f06d5855278bcb7604951f5951097083.jpg, 1, 0, 0
New-Bitmap-Image--16----Copy---Copy_bmp.rf.f442bdd91ea9cb4316c43b9bfdf11122.jpg, 0, 1, 0
DSCN4716_jpg.rf.ef9e3b9bc1713b233ca3e4dba8a96721.jpg, 1, 0, 1
dddd1--13----Copy_jpg.rf.f3b81438e1f4575d25056e1391e4cd46.jpg, 1, 0, 0
vguuu1--4-_jpg.rf.f674b9073ed6d17b8a304eae3a715b50.jpg, 0, 1, 0
vvrrr--2-_jpg.rf.f52eb9bd193947c655f4c4709d4cccea.jpg, 0, 0, 1
48--4----Copy_bmp.rf.efd031f4d8653a8703efbe3b6c35c986.jpg, 0, 0, 1
vvvv--2-_jpg.rf.f7c4cc7805e514251ffc343cb849e501.jpg, 0, 0, 1
Set2_DSCN2029-JPG_0_jpg.rf.edb9bcbcbe312e3aba6283fb1d6cdc1c.jpg, 1, 0, 0
Set2_DSCN2251-JPG_0---Copy_jpg.rf.f489008f69baf36f3135db1fcbb15cd9.jpg, 1, 1, 0
49--2----Copy_bmp.rf.f925a04f15dae728d583385fd89cb1f0.jpg, 0, 0, 1
DSCN4799_jpg.rf.f7b3719fe958ca1d34eda650d9a43258.jpg, 0, 1, 0
starfish--27-_bmp.rf.f87eaaad346541bbded0af38a84a16e1.jpg, 0, 1, 0
sas--1-_bmp.rf.f8570055f96c7baed5a70a109f70f4c5.jpg, 0, 0, 1
New-Bitmap-Image--15----Copy_bmp.rf.f6b5f31e2936ff1d695808b5240a6904.jpg, 0, 1, 0
DSCN4946_C_JPG.rf.f513b27679fbb8414de03928719aaa9f.jpg, 1, 0, 0
DSCN4947---Copy_jpg.rf.f79216c1cb7b6af66b672bfd97b6b7e8.jpg, 0, 0, 1
New-Bitmap-Image--3-_bmp.rf.f4fa8dbe9dd95cfa1679d5b44b97cfe1.jpg, 0, 1, 0
F-Sea-star-regenerating-two-arms--Washington--Olympic-Coast--2004--NOAA_web---Copy_jpg.rf.f779cb92d483bf20b60da0fca2b1d71d.jpg, 0, 1, 0
starfish--14-_bmp.rf.f567dcafe3479350c4b9d8431e74818e.jpg, 0, 1, 0
vvvv--19-_bmp.rf.e4c160f966a07bc3f8c97144de343632.jpg, 0, 0, 1
DSCN4948---Copy_jpg.rf.52863f181c7bcccca8dff91b88a77314.jpg, 0, 0, 1
sas--5----Copy_bmp.rf.5036680d696b7db48f347ddc875fad01.jpg, 0, 0, 1
starfish--38-_bmp.rf.5323662bb59d92a7781047dae22274c1.jpg, 0, 1, 0
DSCN6073_C_jpg.rf.5078bf9db97f864391e3983868ded435.jpg, 1, 0, 0
DSCN4134_1---Copy_JPG.rf.530342f0bb68aceb61749c4f5c99e7c6.jpg, 0, 1, 0
starfish--45-_bmp.rf.53fe25169421d20779c6b11e5e703010.jpg, 0, 1, 0
vvrrr--3-_jpeg.rf.535c720dde6f08d6d561d52ad7e14b36.jpg, 0, 0, 1
ca3_bmp.rf.53619cad3fb934df19c347a5ca2d0e60.jpg, 0, 0, 1
x4---Copy_bmp.rf.55ad573b59278ab563cba94c64af38b7.jpg, 0, 1, 0
Set2_DSCN2227-JPG_0_jpg.rf.522b611cdcaa002c9111ccd483fd3175.jpg, 1, 0, 0
45a--7----Copy_bmp.rf.54031d47088e69334d2f7b88d1e70519.jpg, 0, 0, 1
Set2_DSCN2364-JPG_0_jpg.rf.50d0ee09387da05e8705f5857733bb84.jpg, 1, 1, 0
46---Copy--2----Copy_bmp.rf.55d120467f20110fc7423f43b40ae596.jpg, 0, 0, 1
47--11----Copy_bmp.rf.53d1014930308a4a91ba33add1f4c98b.jpg, 0, 0, 1
DSCN7556_C_jpg.rf.55aed061513efe856fc79a3059a8bf9e.jpg, 1, 0, 0
starfish--26-_bmp.rf.551e13e9d92654d475439df0d642f029.jpg, 0, 1, 0
49--5-_bmp.rf.5488cdd0fc87d8849d9d61daac4fa523.jpg, 0, 0, 1
starfish--10-_bmp.rf.57d01bd335dd7f3f11b0d5df85e1bbbb.jpg, 0, 1, 0
DSCN4834_jpg.rf.568d57c7c92bff8560e14a9584148fa6.jpg, 0, 1, 0
dddd1--4-_jpg.rf.583a8bd34c370123d927fa82d3c29ace.jpg, 1, 1, 0
Set2_DSCN1928-JPG_0_jpg.rf.511acc6f8053eebf543d03b7b78cdf8d.jpg, 1, 0, 0
vvvv--14-_bmp.rf.59e9a1e574755b271a40fe228e6adacf.jpg, 0, 0, 1
dddd1--13-_jpg.rf.59648581b547fd1c899945264b6e845e.jpg, 1, 0, 0
51--4-_bmp.rf.59a7e41c6d7626e0ae30a40f43ee3806.jpg, 0, 0, 1
DSCN4229_1---Copy---Copy_JPG.rf.588e8a58d44b8c6e9f9c3cc2368cf198.jpg, 1, 0, 0
DSCN4480_1---Copy_JPG.rf.56bf1e5195067f57c90ac65f693fe660.jpg, 0, 1, 0
sas--7-_bmp.rf.5a18c8ea7f26890b60c5f199fa7e6696.jpg, 0, 0, 1
dddd1--6-_jpg.rf.58246dcc857c2d1c490d01763f33c0d1.jpg, 1, 1, 0
Set2_DSCN3256-JPG_0_jpg.rf.56b003477a6448c5179a6f9e06dfb8a9.jpg, 1, 0, 0
starfish--11-_bmp.rf.5926976bc948c38a93bea589f9509657.jpg, 0, 1, 0
dddd1--12-_jpg.rf.5a117f47f80376ebe56d91ad9aed0d7a.jpg, 1, 0, 0
DSCN4866---Copy_jpg.rf.5999691cc8fa6c1ffb3ebcb7fdf17b02.jpg, 0, 1, 0
51--11-_bmp.rf.585686185da66dfd27ebe61129de0998.jpg, 0, 0, 1
46---Copy--2-_bmp.rf.5b5f201d6cb05cdfcfcd99d5785382d1.jpg, 0, 0, 1
49--8----Copy_bmp.rf.5a056db52340e8790e70b1ab035f6537.jpg, 0, 0, 1
vvvv--11-_jpg.rf.57ef65cfccdd85f9d228786b0c00727b.jpg, 0, 0, 1
DSCN4978---Copy_jpg.rf.5a40055e9f607aa1b628be9f24056da7.jpg, 0, 1, 0
DSCN4106_1---Copy---Copy_JPG.rf.5a53df2c5fd047892074eb02e7a57a44.jpg, 1, 0, 0
t3---Copy--2-_jpg.rf.5c3f0441dfc2a73e9836fa4efae3fb03.jpg, 0, 0, 1
starfish--37-_bmp.rf.60246c7deaddc6a03b52333dc6654b90.jpg, 0, 1, 0
t1---Copy_JPG.rf.5f4e7711a7171b5aa7c6e5a53a902421.jpg, 0, 0, 1
newdg--2-_jpeg.rf.602cf1b84b0b64eefbf12618cf9edd87.jpg, 0, 1, 0
New-Bitmap-Image--20----Copy_bmp.rf.6136e25db724e1b33fed5ca08b8e3b36.jpg, 0, 1, 0
49--3----Copy_bmp.rf.6284b37fced4b5a2224bfc1692a6a147.jpg, 0, 0, 1
DSCN4465_1_JPG.rf.5f2dc4f334a1e7e665bb12f174237072.jpg, 1, 0, 0
New-Bitmap-Image--6-_bmp.rf.623763b0cc3fe6c75918e8c70e0d8679.jpg, 0, 1, 0
xx1_bmp.rf.5f3aba1a502308d5860e01020d39b82d.jpg, 0, 1, 0
Set2_DSCN1322-JPG_0---Copy_jpg.rf.63a824facd5630cf2eabb37c6610a6d4.jpg, 1, 1, 0
Set2_DSCN2974-JPG_0_jpg.rf.64118ea2499a51dadeb4f5c0c731004a.jpg, 1, 1, 0
dddd1--2-_jpg.rf.6105541f8954a3aa0f76d3a4d818ff72.jpg, 1, 1, 0
DSCN6547_C_jpg.rf.60bb098153c9206d7ce703705d0638da.jpg, 1, 0, 0
Set2_DSCN3606-JPG_0---Copy_jpg.rf.5f5429939e61600656f53ac72bcd66f6.jpg, 1, 1, 0
48--12----Copy---Copy_bmp.rf.5ebf1afc149ea4af80bdf2553830753d.jpg, 0, 0, 1
48--3----Copy_bmp.rf.64f01eb5f6da24be189a9f7a15e8bd20.jpg, 0, 0, 1
starfish--40-_bmp.rf.64915c1a8fde30df60542d31b910ef93.jpg, 0, 1, 0
DSCN4230_1---Copy---Copy_JPG.rf.6486f4fe7624808b2e4bbc402484f202.jpg, 1, 0, 0
DSCN9568_C_jpg.rf.648e62e931671f0d42765b4a2238eeeb.jpg, 1, 0, 0
4--5----Copy_jpg.rf.66ca37a5b3b69bdf6ba2577171ee3507.jpg, 0, 0, 1
Set2_DSCN1606-JPG_0_jpg.rf.60e6056f04405d403f09ba01da465f05.jpg, 1, 1, 0
Set2_DSCN0967-TIF_0_jpg.rf.6136bc52d892b3fb37e085a949efc743.jpg, 1, 1, 0
DSCN1060_C---Copy---Copy_jpg.rf.67ba467d616c14215a5455202b07437b.jpg, 1, 0, 0
7t---Copy_jpg.rf.61f22667335e8b80faf1085964f4688f.jpg, 0, 0, 1
starfish--4-_JPG.rf.65c8dcccee1dea82a1bbb352f710b868.jpg, 0, 1, 0
DSCN4462_1_JPG.rf.652b8d63f29b62d877c083b82d0afe8b.jpg, 1, 0, 0
starfish--42-_bmp.rf.5b9b7e9a7baac9529e36e4bc16a6f7b9.jpg, 0, 1, 0
t23_jpg.rf.67a3a919e56c3a34b8843ed2cd7e50e0.jpg, 0, 0, 1
Set2_DSCN2157-JPG_0_jpg.rf.61d49609df77f6ddc4329078171daed9.jpg, 1, 1, 0
DSCN4919_jpg.rf.69a85f1668ee7cff746e619480ab0ff1.jpg, 1, 0, 1
DSCN4816---Copy_jpg.rf.682859a272793b65685ac0dfda700984.jpg, 0, 1, 0
48--8-_bmp.rf.6b12b9b063e7f065599eb1d7535e9ab1.jpg, 0, 0, 1
45a--8-_bmp.rf.651aba9dd1ebaf8778cd04ccbb086151.jpg, 0, 0, 1
Set2_DSCN1141-JPG_0_jpg.rf.6b9f353ae2fbd608a84d5f1658e3e053.jpg, 1, 1, 0
Set2_DSCN2041-JPG_0_jpg.rf.6b665167b17686dcd542ba5180f81dc0.jpg, 1, 0, 0
51--2-_bmp.rf.66a9c32d6985352882d3a9ee9a210479.jpg, 0, 0, 1
Set2_DSCN2250-JPG_0_jpg.rf.64fb7f2dc93eb537a575d43b7a1a0511.jpg, 1, 1, 0
dddd1--5-_jpg.rf.6ada29a5da94df587a5b145a5ad3bca8.jpg, 1, 1, 0
DSCN4972_jpg.rf.6ac8134d39a44072c1b4142b66fbfe62.jpg, 1, 0, 0
7t_jpg.rf.6a15b01f822acce9a1ff4970bf30af88.jpg, 0, 0, 1
Set2_DSCN2260-JPG_0_jpg.rf.6412e05c21f18f405fd00bbc53897df8.jpg, 1, 0, 0
vvvv--2-_jpeg.rf.641d69328cc5975ab5876de99ca477cb.jpg, 0, 0, 1
DSCN4104_1---Copy---Copy_JPG.rf.6eea10d48d4ad26066618e7c11bf69d2.jpg, 1, 0, 0
t5---Copy_jpg.rf.6d02d27928e2d55ea0aaf1826b086ed6.jpg, 0, 0, 1
48--1-_bmp.rf.6d0e8e28fddad8d1eef983cf137ad66e.jpg, 0, 0, 1
Set2_DSCN1347-JPG_0---Copy_jpg.rf.6c94a2caa4a42a1dee8481d1366b65b9.jpg, 0, 1, 0
starfish--20-_jpg.rf.6d5f3a6ca5557b7a732bc29fdec34f55.jpg, 0, 1, 0
6--2----Copy_jpeg.rf.6d7cc22668f55c065a177c244eeea262.jpg, 0, 0, 1
45a--4----Copy_bmp.rf.6f3f331dc137ce69c084bfc8b9f567a9.jpg, 0, 0, 1
DSCN4942---Copy_jpg.rf.6ecd717abc75f7f6c9d59f7c3be92b23.jpg, 0, 0, 1
DSCN4708_jpg.rf.7084069cce88e6b4ccdebe2339ddc20e.jpg, 1, 0, 0
Set2_DSCN3251-JPG_0_jpg.rf.6e10208bba1f8332253f514f9ad80c0e.jpg, 1, 1, 0
Set2_DSCN2352-JPG_0_jpg.rf.6b7b6e5805506e79def0669004e5dcdf.jpg, 1, 0, 0
DSCN4795---Copy_jpg.rf.70b34c8b977d41f782b1f354be53959f.jpg, 0, 1, 0
49--5----Copy_bmp.rf.7233451798160d53632afc18c2fbd841.jpg, 0, 0, 1
Set2_DSCN1441-JPG_0_jpg.rf.6be4a30bd3d31ca20d07fb1cefa01507.jpg, 1, 1, 0
starfish--18-_bmp.rf.7599a78919f8b707a6f049e5ef5f5b9d.jpg, 0, 1, 0
vvrrr--8-_jpeg.rf.6bd4a6bfbd55e9bfa28b8eb10dfd062a.jpg, 0, 0, 1
starfish--34-_bmp.rf.70d3695c2c39c80853739902290b04d2.jpg, 0, 1, 0
starfish--5-_bmp.rf.75d9564dcadf646485cf4b025200da45.jpg, 0, 1, 0
vvvv--9-_bmp.rf.72b0202cce0d8756d90f1189ff07485b.jpg, 0, 0, 1
DSCN4731_jpg.rf.711145ead152c7675c16ba4878c039f7.jpg, 1, 0, 0
New-Bitmap-Image--4-_bmp.rf.710c2f878767d7683fda6f0ffc12f026.jpg, 1, 1, 0
51--1-_bmp.rf.72d3eaa5b4ce43cfb8a5c1c442e1af3f.jpg, 0, 0, 1
DSCN4726_jpg.rf.77fc8b8df255e12921afd1381cfd31f7.jpg, 1, 0, 0
45a--5----Copy_bmp.rf.713ffe9722dca5a1d063fdb15ae4f01a.jpg, 0, 0, 1
DSCN9230_C_jpg.rf.73fe659b62485e268a88d60330881de9.jpg, 1, 0, 0
x---Copy---Copy_bmp.rf.74a1cde8be6e6bb619f70f8006f7c7b9.jpg, 0, 0, 1
Set2_DSCN1338-JPG_0---Copy_jpg.rf.76b5b287e72d074cf92d74221433167b.jpg, 1, 1, 0
dddd1--1----Copy_jpg.rf.73f627a7d643056a40997fdf66baebe6.jpg, 1, 1, 0
starfish--20-_bmp.rf.73338276a1dfc33cfa5ca1e2ea068d64.jpg, 0, 1, 0
Set2_DSCN1261-JPG_0---Copy_jpg.rf.76c227d17f723b7a4f7346ec9d49fe9e.jpg, 1, 1, 0
47--5-_bmp.rf.7848ce677a03d83c90fcbd3d3afe4c27.jpg, 0, 0, 1
Set2_DSCN3717-JPG_0_jpg.rf.752d7e62c05118ba8fb085ff92ff982b.jpg, 1, 0, 0
45a--7-_bmp.rf.6f0cf65718d14ac9f1815b5cbb506291.jpg, 0, 0, 1
DSCN4874_jpg.rf.7338b3eb276c72c2c4ef668f03e8067e.jpg, 1, 0, 0
DSCN7687_C-Copy_jpg.rf.7b00cf044c435fa100e8631832a4336d.jpg, 1, 0, 0
Set2_DSCN2661-JPG_0_jpg.rf.7bbd91285403c1b548af2c5717002333.jpg, 1, 0, 0
47--4----Copy_bmp.rf.7b14b6d737158a145891c78d629de46e.jpg, 0, 0, 1
starfish--39-_bmp.rf.7cf2abe64b51ea35d30aa2d0844023d2.jpg, 0, 1, 0
starfish--19-_jpg.rf.7d7fdc79c7f8fc939c39e4a4920772ad.jpg, 0, 1, 0
Set2_DSCN3986-JPG_0_jpg.rf.79465cb2f03e80a85cd903c7a14a0091.jpg, 1, 0, 0
DSCN4656_jpg.rf.7df90c6cacad87af1b6b5700295004b1.jpg, 1, 0, 0
DSCN0918mod_C---Copy---Copy_jpg.rf.723d4e436e87e5318b48acf05b5238aa.jpg, 1, 0, 0
New-Bitmap-Image--18----Copy---Copy_bmp.rf.7afdbfe71436472c8abd122dc59f8170.jpg, 0, 1, 0
Set2_DSCN2081-JPG_0_jpg.rf.7ddb19db2fe8145457caf8a8174ba5a0.jpg, 1, 0, 0
New-Bitmap-Image--19----Copy---Copy_bmp.rf.7c6c9ceeb5f9ef4f13753cad7364107f.jpg, 0, 1, 0
DSCN1400_C---Copy---Copy_jpg.rf.7974dfda92ed91996738ec9a9a0e7b24.jpg, 1, 0, 0
starfish--24-_jpg.rf.7c629015d6d9395d094cf9921ade0568.jpg, 0, 1, 0
dddd1--8-_jpg.rf.745a41bec35f512c7bad42bdded67ddf.jpg, 1, 1, 0
Set2_DSCN3585-JPG_0_jpg.rf.7e2d8ac3c412daf558ec5c98109a77b3.jpg, 1, 0, 0
DSCN4898_jpg.rf.7ac1808ac9249af2ef4f03f2a65ddf99.jpg, 1, 0, 0
xxxs---Copy_bmp.rf.7e7f14b4cfa8fbc37c85f149a2257927.jpg, 0, 1, 0
46---Copy--5----Copy_bmp.rf.7ff5af672335b263ee01cb0434289eeb.jpg, 0, 0, 1
New-Bitmap-Image--3----Copy_bmp.rf.77bd1279a712ac2a8a0fb3342e6eff9f.jpg, 0, 1, 0
sssaaaaaa---Copy_bmp.rf.8012ff5f3e8c9edebacac3c3e054282f.jpg, 1, 0, 1
DSCN4746_jpg.rf.7ea2f3115d147d2a67650c5bb02c31f7.jpg, 1, 0, 0
New-Bitmap-Image--5-_bmp.rf.816a5c0ea9e18eef4c9bffe78726983e.jpg, 0, 1, 0
DSCN9462_C_jpg.rf.82307546f3ad43f53606d9f8c039824f.jpg, 1, 0, 0
DSCN4824_jpg.rf.7f1cbc9e734e8e203460852bafb2daeb.jpg, 0, 1, 0
t4---Copy_jpg.rf.80c023a4f1e936186af90d0df4848c82.jpg, 0, 0, 1
Set2_DSCN0946-TIF_0_jpg.rf.80bbf170c7cf778c6405d99553e1959e.jpg, 1, 0, 0
Set2_DSCN3860-JPG_0_jpg.rf.80a17693e13bd1bbd23912ba3e3f0998.jpg, 1, 0, 0
starfish--22-_jpg.rf.826518f1a3637d1a23437d7dbf26bce2.jpg, 0, 1, 0
xxxx---Copy_bmp.rf.7ecdfbadfc71ad2708f828ff80d8069c.jpg, 0, 1, 0
DSCN4278_1---Copy_JPG.rf.6fc6f358abc10b1de2d325a30ed76e22.jpg, 1, 0, 0
Set2_DSCN2649-JPG_0_jpg.rf.7f9136d345622a32c2aca8bb7cf4b8a7.jpg, 1, 0, 0
starfish--31-_bmp.rf.85c6fd16b14c101611ecb02703fa918f.jpg, 0, 1, 0
xx1---Copy_bmp.rf.7ead3739bacae9f1b5c019e85e237086.jpg, 0, 1, 0
48--7-_bmp.rf.8483eb1487f5e6f070e356c3a6124935.jpg, 0, 0, 1
starfish--25-_jpg.rf.838e9a0396f14b5794bc45f56338ff70.jpg, 0, 1, 0
Set2_DSCN1430-JPG_0---Copy_jpg.rf.83c4637351d1307f58f12349cac658e1.jpg, 1, 1, 0
vvrrr--2----Copy_jpeg.rf.81c1e0f2f9bca419d9599327dea68b94.jpg, 0, 0, 1
Set2_DSCN2187-JPG_0_jpg.rf.844c84e839c75fed21d0762ef23c8a4b.jpg, 1, 0, 0
DSCN4286_1---Copy_JPG.rf.8643cc76037189b21148b3dae98e2169.jpg, 1, 0, 0
fff1---Copy_bmp.rf.857a1d52c0b95ea3d27ee0af5018bd87.jpg, 0, 0, 1
DSCN4126_1---Copy---Copy_JPG.rf.836a26acb612710794e1868fb9abd453.jpg, 1, 0, 0
Set2_DSCN3122-JPG_0_jpg.rf.8494c3049ce0bb7cf595d589c652a0b2.jpg, 1, 1, 0
48--11----Copy_bmp.rf.818d5f956466468d64aa71eaab69d1d0.jpg, 0, 0, 1
starfish--16-_jpg.rf.869c7d962be82d120d6c00d56b1953ef.jpg, 0, 1, 0
Set2_DSCN1322-JPG_0_jpg.rf.8833c89548bd3d4670f012ed0ca797ec.jpg, 1, 1, 0
45a--2-_bmp.rf.877ebc3860d914ac3db556c31643b8bc.jpg, 0, 0, 1
New-Bitmap-Image--14----Copy---Copy_bmp.rf.882564061cce996b2026f1dd9ca3349e.jpg, 0, 1, 0
DSCN4717_jpg.rf.86ff863ee8bebaf5116ef36ddf54a41b.jpg, 1, 0, 0
New-Bitmap-Image--7----Copy_bmp.rf.876d5d1d5ea88e6f867d42e4fe235f1b.jpg, 0, 1, 0
48--2----Copy_bmp.rf.88d1a239b52802ec7cfb08a4c35361cc.jpg, 0, 0, 1
DSCN4276_1---Copy--2-_JPG.rf.86ec43c3daaf2eb711c3e97fd1b0843b.jpg, 1, 0, 0
DSCN4953_jpg.rf.8b257fb4fc9cdaff0120a4309c9726a8.jpg, 0, 0, 1
dddd1--9----Copy_jpg.rf.88523a97311897c5b4ebbb7cb4f57da4.jpg, 1, 1, 0
Set2_DSCN1424-JPG_0_jpg.rf.89d3884b93963123833c85288279df74.jpg, 1, 1, 0
starfish--30-_bmp.rf.8afe23ae32df506d384849a4d7f75077.jpg, 0, 1, 0
vvrrr--4----Copy_jpeg.rf.8aea2c921c0e4bb542f2e57f9917bbb2.jpg, 0, 0, 1
xxxc_bmp.rf.8a0e4b6ba318e01c42c9bc661bce844b.jpg, 0, 1, 0
DSCN4235_1---Copy---Copy_JPG.rf.8b498ce70e9d920171c1f710bec588d3.jpg, 1, 0, 0
Set2_DSCN4012-JPG_0_jpg.rf.8c754bf273c0f95b665e11aad1d3ddff.jpg, 1, 0, 0
New-Bitmap-Image--13----Copy_bmp.rf.8b023048f758a5eb060071d3d09cca12.jpg, 0, 1, 0
Set2_DSCN3273-JPG_0_jpg.rf.8ad522dbe4f491c7f8ee4d7d9f7d60d1.jpg, 1, 1, 0
Set2_DSCN3913-JPG_0_jpg.rf.8c2f2f02e21a4392645457aa633ba7cb.jpg, 1, 1, 0
DSCN4680_jpg.rf.8c35e430875a01fbc595687bdd7e7c4d.jpg, 0, 1, 0
46---Copy--4-_bmp.rf.8aa4311df657105ede2e0d8e65960f40.jpg, 0, 0, 1
DSCN3075_C---Copy---Copy_jpg.rf.8ced583310e83c9b913660ac9208c4e9.jpg, 1, 0, 0
8--2-_jpg.rf.8c888cc3943553df8a55604125aad61f.jpg, 0, 0, 1
DSCN4948_jpg.rf.887039a31aa8dc2d61b5650508011ddb.jpg, 0, 0, 1
DSCN4430_1---Copy_JPG.rf.8effe838de2395bc1e13805f627b333d.jpg, 1, 0, 0
Set2_DSCN3781-JPG_0_jpg.rf.8b458fd711d85f551d0c342d6fc21eeb.jpg, 1, 0, 0
ca_bmp.rf.8d4d383d211317de94c532c39225ea4d.jpg, 0, 0, 1
x4_bmp.rf.8ae22f4a34a5194baa1e357837e6036a.jpg, 0, 1, 0
DSCN4390_1---Copy_JPG.rf.8cffeca88f78985b5253a42dca608552.jpg, 1, 0, 0
DSCN4447_1---Copy_JPG.rf.8bf3009a1292abc051665fd82d8db5e3.jpg, 1, 0, 0
48--9----Copy---Copy_bmp.rf.8e079a8b6b02e4766925126a2a3023d0.jpg, 0, 0, 1
48--9-_bmp.rf.90fee300bcccf3cc67105643a80d891e.jpg, 0, 0, 1
51--5----Copy_bmp.rf.8ff2164f1f84f9a9b33f5bf0b38e0202.jpg, 0, 0, 1
DSCN4941---Copy_jpg.rf.90bd0ec17d1339beca3c72ab6e2adaaa.jpg, 0, 0, 1
New-Bitmap-Image--14----Copy_bmp.rf.91864e646946cdc6e4ec7db9f6126a3e.jpg, 0, 1, 0
DSCN1073_C-Copy---Copy---Copy_jpg.rf.8ddb7a9e7853315cff7390c0dba49365.jpg, 1, 0, 0
3--7----Copy_jpg.rf.92d598c30357d8ef220c732e0bf384b2.jpg, 0, 0, 1
vguuu1--5-_jpg.rf.913db59756f2c21e48d176aed2457d2f.jpg, 0, 1, 0
Set2_DSCN2035-JPG_0_jpg.rf.8e66803e53d9f2a9c5da6ccf582d4fa3.jpg, 1, 0, 0
47--6-_bmp.rf.946a769003ce4fb829129faf812fe426.jpg, 0, 0, 1
sas--9----Copy_bmp.rf.91a776c61757748be9ada8427eb5301a.jpg, 0, 0, 1
Set2_DSCN3260-JPG_0_jpg.rf.9246f83080f41fb569c279dc89608d02.jpg, 1, 1, 0
vvvv--12-_jpg.rf.90c0c23b30dab2529c1e7822503f0a0a.jpg, 0, 0, 1
starfish--28-_bmp.rf.95372d9c8ea242f96cc963833ffd55da.jpg, 0, 1, 0
Set2_DSCN1323-JPG_0_jpg.rf.884a937918ccba83ecca59eecb889766.jpg, 0, 1, 0
DSCN4125_C---Copy---Copy_jpg.rf.907cf3faba159f67bf00ab27958e20d0.jpg, 1, 0, 0
sas--1----Copy---Copy_bmp.rf.91ecb7fa68f8eda9e56c21c0e93ae9ce.jpg, 0, 0, 1
vvrrr--9-_jpeg.rf.93cf10c18c5907e84a9f188ac858f2ee.jpg, 0, 0, 1
DSCN4816_jpg.rf.99665e8ad64242eb4d30a91f5ee0e1b4.jpg, 0, 1, 0
46---Copy--4----Copy_bmp.rf.93b9b290d046989e0b01d59832cdcfe2.jpg, 0, 0, 1
DSCN4947---Copy--2-_jpg.rf.91d013b7d105fd42f2c4daf23dbaab51.jpg, 0, 0, 1
Set2_DSCN3215-JPG_0_jpg.rf.9a0c153dd1e7bff431259d762aafefcd.jpg, 1, 1, 0
Set2_DSCN2236-JPG_0---Copy_jpg.rf.9957b5a1956c30c5cf3550fb4c4e00ab.jpg, 1, 1, 0
Set2_DSCN3867-JPG_0_jpg.rf.99919bbba69718d41c2e959801a759a1.jpg, 1, 0, 0
New-Bitmap-Image--2----Copy_bmp.rf.9774b40e1382b36386d78190ed74780d.jpg, 0, 1, 0
DSCN5513_C_jpg.rf.99fc313fd8bb3312c4181a8d55340cd2.jpg, 1, 0, 0
49--5----Copy---Copy_bmp.rf.938d1bc039cfeeaf46b95520433201e5.jpg, 0, 0, 1
Set2_DSCN2977-JPG_0_jpg.rf.949fb0544e72987eec897fedc882748c.jpg, 1, 0, 0
DSCN4287_1---Copy_JPG.rf.9a151db258719fd72a6299ac47911b76.jpg, 1, 0, 0
starfish--13-_jpg.rf.98f355cfadd132729b4489e08cd7a055.jpg, 0, 1, 0
DSCN8007_C-Copy_jpg.rf.9c69d12521a8eee91477acf2b9a77e89.jpg, 1, 0, 0
Set2_DSCN1639-JPG_0_jpg.rf.90deb85d5ec6cc6299d8ad803e95037d.jpg, 1, 1, 0
DSCN4431_1---Copy_JPG.rf.9b24c670187f26ae0b527e39ecf96b18.jpg, 1, 0, 0
vvvv--15-_bmp.rf.9ce3ca9b5c5bd3c396e34b55d4e2cff0.jpg, 0, 0, 1
Set2_DSCN3428-JPG_0_jpg.rf.9595eeaccd7701118c3489465da92e0b.jpg, 1, 1, 0
New-Bitmap-Image--11----Copy---Copy_bmp.rf.9b12394837ebc90a687e6ae4110e002f.jpg, 1, 1, 0
DSCN4878_jpg.rf.9690ec9eb309ee778238937c02812bda.jpg, 1, 1, 0
starfish--19-_bmp.rf.9c53dc3502867633363094744f6cb945.jpg, 0, 1, 0
dddd1--1-_jpg.rf.9a5321f0f21623736d77013d38b2a05b.jpg, 1, 1, 0
Set2_DSCN0945-TIF_0_jpg.rf.9d11f94d78569289822fe6b3a871860b.jpg, 1, 0, 0
51--2----Copy_bmp.rf.9e39f4e12b9a3dcca169bd678bc4ee01.jpg, 0, 0, 1
DSCN4867---Copy_jpg.rf.9a0a433c07cb8edf2f6a5ee907145dc3.jpg, 1, 1, 0
Set2_DSCN2286-JPG_0_jpg.rf.9cab7aa504cda6ed215fbf5927acaaa6.jpg, 1, 1, 0
Set2_DSCN3606-JPG_0_jpg.rf.9e602d7e2994119e5a0b822d7b1324d5.jpg, 1, 1, 0
Set2_DSCN3592-JPG_0---Copy_jpg.rf.9b74df994755b58d0f831e52196c05d8.jpg, 0, 1, 0
DSCN4946---Copy--2-_jpg.rf.9ed94f3b761dbbb2316823ededdd9b57.jpg, 0, 0, 1
vvvv--4-_bmp.rf.9c4db02782d754cae4697c3161c3b694.jpg, 0, 0, 1
DSCN4950_jpg.rf.9fd6d20c207a2af62a315a881ff1088b.jpg, 0, 0, 1
starfish--6-_bmp.rf.9f80b8c82385e64b4a3e5484995a358d.jpg, 0, 1, 0
DSCN4951_C_jpg.rf.9deb9d51e15879b0edb39e5dede952dc.jpg, 1, 0, 0
Set2_DSCN3262-JPG_0_jpg.rf.9e98d7c4268665c007fe776222e52a48.jpg, 1, 1, 0
DSCN4867_jpg.rf.9fc08d0ec3531b23d18075a8cba8ad58.jpg, 1, 1, 0
DSN4719v2_C_jpg.rf.97e895deaa5de4dd1d122bfc5d5ef335.jpg, 1, 0, 0
Set2_DSCN1567-JPG_0_jpg.rf.9ec2bebfd5d4b2b45504d7f65d2eb5d5.jpg, 1, 1, 0
starfish--18-_jpg.rf.9ea4df10a5b1bc3d0cca6940d155054d.jpg, 0, 1, 0
starfish--1-_bmp.rf.a0e3e22ad97c1be303144d3ab267a0bc.jpg, 0, 1, 0
starfish--17-_jpg.rf.a113b4259d4a0ae809971f0ecd80d144.jpg, 0, 1, 0
47--2----Copy_bmp.rf.9e59a35d6a01892f06c7c1eb389b748c.jpg, 0, 0, 1
Set2_DSCN3883-JPG_0_jpg.rf.a05a413ad06cde706cf488cb764d90d7.jpg, 1, 0, 0
DSCN4700_jpg.rf.9fe0ed0ffabf2e93493d4bba122ae17f.jpg, 1, 0, 0
starfish--9-_bmp.rf.a011e785f39698ef56eca7f4963ba279.jpg, 0, 1, 0
Set2_DSCN1278-JPG_0_jpg.rf.a146c7e887f5c46c1f66abefba270822.jpg, 1, 1, 0
xxxc---Copy_bmp.rf.9ea8ec6b8acc32dd3f65d634a90f42c5.jpg, 0, 1, 0